Alternatives;Alternatives
transporttest;transporttest
laser;laser
pressurized_cabin;pressurized_cabin
Uit_te_voeren_werken;Uit_te_voeren_werken
Requirements_Machines;Requirements_Machines
bemanning;bemanning
GPS_Sturing;steering_gps
ATS_Sturing;steering_ats
Sblade;blade_s
SU_blade;blade_su
VPAT_blade;blade_vpat
Ripper;ripper
probe;probe
Withoutcabine;Withoutcabine
voorblad_duwblad;frontblade_pushblade
tilt_coupling;tilt_coupling
tilt_rotation_coupling;tilt_rotation_coupling
hydraulic_breaker;hydraulic_breaker
hydraulic_crusher;hydraulic_crusher
hydraulic_concrete_breaker;hydraulic_concrete_breaker
hydraulic_iron_scissors;hydraulic_iron_scissors
sorting_head_grapples;sorting_head_grapples
palletfork;palletfork
cobblestone_tank;cobblestone_tank
Smalle_bak;Smalle_bak
Kantelkoppeling_kantelbak;Kantelkoppeling_kantelbak
Rippertand;Rippertand
Compation_wheel;Compation_wheel
inside_turner;inside_turner
steering;steering
Hybride;Hybride
TripleBoom;triple_boom
semi_automatic;semi_automatic
weight_system;weight_system
CabineProtection;cabine_protection
scale_gripper;scale_gripper
poli_grab;poli_grab
RoterendeKipbak;rotating_tipper
gps_tracking;gps_tracking
hardox_strengthened;hardox_strengthened
Spon;Spon
turntable;turntable
scoop_tank;scoop_tank
equalize_tank;equalize_tank
lifting_arm;lifting_arm
Mestklauw;Mestklauw
Pelikaanbak;Pelikaanbak
Broom_Bucket;Broom_Bucket
Klinkerklem;Klinkerklem
Tegelriek;Tegelriek
wipe_brush;wipe_brush
strenght_wheels;strenght_wheels
Hijsogen;eyebolts
Full_tires;Full_tires
compaction_meter;compaction_meter
studs;studs
watersupply;watersupply
Extra_Brandstof;Extra_Brandstof
material_type;material_type
lifting_height;lifting_height
radius;radius
height_freight;height_freight
weight_freight;weight_freight
length_freight;length_freight
shape_freight;shape_freight
width_freight;width_freight
gravitycentre_freight;gravitycentre_freight
underground_yard;underground_yard
lifting_points;lifting_points
high_voltage_neighbouring_area;high_voltage_neighbouring_area
underground_gas_pipe;underground_gas_pipe
accessibility_yard;accessibility_yard
location;location
maps;maps
pictures;pictures
lifting_insurance;lifting_insurance
value_of_freight;value_of_freight
max_setup_stand_length_x_width;max_setup_stand_length_x_width
height_obstacles;height_obstacles
working_height;working_height
partitioning_walls_various_dimensions;partitioning_walls_various_dimensions
extra_ballast_weights;extra_ballast_weights
ballast;ballast
exact_amount_of_boomlength_meters;exact_amount_of_boomlength_meters
control_option;control_option
aluminium_tank;aluminium_tank
coverup_blanket;coverup_blanket
hydraulic_spoon;hydraulic_spoon
french_doors;french_doors
workcage;workcage
winch;winch
liftinghook;liftinghook
Verlengvorken;Verlengvorken
Ground_Bucket;Ground_Bucket
VolumeBucket;VolumeBucket
boom;boom
lifting_beam;lifting_beam
lifting_Piece;lifting_Piece
safety_harness;safety_harness
Width;Width
Trailer;Trailer
kipbak;kipbak
Distribution_Box;Distribution_Box
Extension_Cable;Extension_Cable
Fuel_tank;Fuel_tank
Fuel_pomp;Fuel_pomp
cable_protection;cable_protection
Use_of_the_power;Use_of_the_power
requirements_generator;requirements_generator
Requirements_accessories_generator;Requirements_accessories_generator
max_width;max_width
max_length;max_length
surface;surface